product_name,product_url_image,product_price,product_discount_price,product_stock,product_volume,product_weight
Somethinc AHA BHA PHA Peeling Solution 20ml,https://storage.googleapis.com/indo-astro/Somethinc_AHA_BHA_PHA_Peeling_Solution_20ml_240x240.png,116700,,15,1000,20
Somethinc 5% Niacinamide + Moisture Sabi Beet Serum 20ml,https://storage.googleapis.com/indo-astro/Somethinc_5%_Niacinamide_+_Moisture_Sabi_Beet_Serum_20ml_240x240.png,89900,,7,1000,20
Somethinc Bakuchiol Skinpair Oil Serum Botol 20ml,https://storage.googleapis.com/indo-astro/Somethinc_Bakuchiol_Skinpair_Oil_Serum_Botol_20ml_240x240.png,89900,,9,1000,20
Somethinc Game Changer Tripeptide Eye Concentrate Gel Tube 20ml,https://storage.googleapis.com/indo-astro/Somethinc_Game_Changer_Tripeptide_Eye_Concentrate_Gel_Tube_20ml_240x240.png,146500,,13,1000,20
L'Oreal Paris White Perfect Whitening Moisturizing Toner 200ml,https://storage.googleapis.com/indo-astro/L'Oreal_Paris_White_Perfect_Whitening_Moisturizing_Toner_200ml_240x240.png,124400,,2,252,120
Vaseline Lip Care Pelembab & Pencerah Bibir Rosy Tinted 10gr,https://storage.googleapis.com/indo-astro/Vaseline_Lip_Care_Pelembab_&_Pencerah_Bibir_Rosy_Tinted_10g_1655192661244_PRODUCT_240x240.png,30000,,3,223.818,10
Emina Bright Stuff Face Toner 100ml,https://storage.googleapis.com/indo-astro/Emina_Bright_Stuff_Face_Toner_100ml_240x240.png,26300,,12,1000,100
Emina Lip Mask 9gr,https://storage.googleapis.com/indo-astro/Emina_Lip_Mask_9gr_240x240.png,38300,,9,1000,9
Emina Bright Stuff Face Serum 30ml,https://storage.googleapis.com/indo-astro/Emina_Bright_Stuff_Face_Serum_30ml_240x240.png,45800,,14,1000,30
COSRX Centella Water Alcohol-Free Toner 150ml,https://storage.googleapis.com/indo-astro/COSRX_Centella_Water_Alcohol-Free_Toner_150ml_240x240.png,182000,,6,1000,150
COSRX AHA/BHA Clarifying Treatment Toner 150ml,https://storage.googleapis.com/indo-astro/COSRX_AHA_BHA_Clarifying_Treatment_Toner_150ml_240x240.png,182000,,27,1000,150
Olay Total Effects 7in1 Night Cream 50gr,https://storage.googleapis.com/indo-astro/Olay_Total_Effects_7in1_Night_Cream_50gr_240x240.png,152500,,1,567,50
Olay Total Effects 7in1 Day Cream Gentle SPF 15 50gr,https://storage.googleapis.com/indo-astro/Olay_Total_Effects_7in1_Day_Cream_Gentle_SPF_15_50gr_240x240.png,157700,,1,330,50
NIVEA Lip Care Essential Care 4.8gr,https://storage.googleapis.com/indo-astro/NIVEA_Lip_Care_Essential_Care_4.8gr_1653291364429_PRODUCT_240x240.png,26900,,7,96,10
Aveeno Skin Relief Moisturizing Lotion 354ml,https://storage.googleapis.com/indo-astro/Aveeno_Skin_Relief_Moisturizing_Lotion_354ml_240x240.png,247500,,8,1000,354
Aveeno Daily Moisturizing Lotion 354ml,https://storage.googleapis.com/indo-astro/Aveeno_Daily_Moisturizing_Lotion_354ml_240x240.png,186900,,13,1000,354
NIVEA Body Lotion Extra White Instant Glow 200ml,https://storage.googleapis.com/indo-astro/NIVEA_Body_Lotion_Extra_White_Instant_Glow_200ml_240x240.png,30900,,35,432,220
NIVEA Body Lotion Intensive Moisture 400ml,https://storage.googleapis.com/indo-astro/NIVEA_Body_Lotion_Intensive_Moisture_400ml_240x240.png,53000,,20,1000,450
Vaseline Healthy Bright Gluta Hyaluron Niacinamide Serum Uv Lotion Flawless Bright 200ml,https://storage.googleapis.com/indo-astro/Vaseline_Healthy_Bright_Gluta_Hyaluron_Niacinamide_Serum_Uv_Lotion_Flawless_Bright_200ml_1655192418953_PRODUCT_240x240.png,52900,47400,7,726.8,200
Vaseline Lotion Intensive Care Aloe Soothe 200ml,https://storage.googleapis.com/indo-astro/Vaseline_Lotion_Intensive_Care_Aloe_Soothe_200ml_1655192399221_PRODUCT_240x240.png,32500,,4,34.65,200
Vaseline Lotion Healthy Bright Uv Extra Brigthening 200ml,https://storage.googleapis.com/indo-astro/Vaseline_Lotion_Healthy_Bright_Uv_Extra_Brigthening_200ml_1655192435162_PRODUCT_240x240.png,32400,,3,34.65,200
Vaseline Healthy Bright Vitamin Body Serum Soft Glow 180ml,https://storage.googleapis.com/indo-astro/Vaseline_Healthy_Bright_Vitamin_Body_Serum_Soft_Glow_180ml_1655192259424_PRODUCT_240x240.png,33100,,5,649.344,184
Vaseline Healthy Bright Gluta Hyaluron Niacinamide Serum Lotion Dewy Radiance 200ml,https://storage.googleapis.com/indo-astro/Vaseline_Healthy_Bright_Gluta_Hyaluron_Niacinamide_Serum_Lotion_Dewy_Radiance_200ml_1655192229499_PRODUCT_240x240.png,52900,47400,4,726.8,200
NIVEA Body Lotion Extra White SPF15 200ml,https://storage.googleapis.com/indo-astro/NIVEA_Body_Lotion_Extra_White_SPF15_200mL_1649383735463_PRODUCT_240x240.png,30400,,12,1000,200
NIVEA Extra White Body Serum Care & Protect 70ml,https://storage.googleapis.com/indo-astro/NIVEA_Extra_White_Body_Serum_Care_&_Protect_70mL_1649383925049_PRODUCT_240x240.png,19100,,2,1000,70
NIVEA Body Intensive Lotion 200ml,https://storage.googleapis.com/indo-astro/NIVEA_Body_Intensive_Lotion_200mL_1649383678622_PRODUCT_240x240.png,25000,,1,1000,200
NIVEA Body Lotion Daily Protection Sun 100ml,https://storage.googleapis.com/indo-astro/NIVEA_Body_Lotion_Daily_Protection_Sun_100mL_1649383643440_PRODUCT_240x240.png,29900,,7,1000,100
Scarlett Whitening Charming Body Lotion 300ml,https://storage.googleapis.com/indo-astro/Scarlett_Whitening_Charming_Body_Lotion_300ml_240x240.png,75800,,13,833,300
Vaseline Repairing Petroleum Jelly - 50ml,https://storage.googleapis.com/indo-astro/Vaseline_Repairing_Petroleum_Jelly_-_50ml_240x240.png,27600,,3,120,55
Garnier Serum Mask Hydrabomb Pomegranate Masker Wajah/Facial Mask,https://storage.googleapis.com/indo-astro/Garnier_Serum_Mask_Hydrabomb_Pomegranate_Masker_Wajah_Facial_Mask_240x240.png,22100,,2,234,200
Garnier Serum Mask Hydrabomb Green Tea Masker Wajah/Facial Mask,https://storage.googleapis.com/indo-astro/Garnier_Serum_Mask_Hydrabomb_Green_Tea_Masker_Wajah_Facial_Mask_240x240.png,22000,,3,234,200
Garnier Serum Mask Light Complete Masker Wajah/Facial Mask,https://storage.googleapis.com/indo-astro/Garnier_Serum_Mask_Light_Complete_Masker_Wajah_Facial_Mask_240x240.png,22100,,11,234,200
Garnier Serum Mask Ageless White with Grape Seed Extracts & Hyaluronic Acid Masker Wajah/Facial Mask,https://storage.googleapis.com/indo-astro/Garnier_Serum_Mask_Ageless_White_with_Grape_Seed_Extracts_&_Hyaluronic_Acid_Masker_Wajah_Facial_Mask_240x240.png,22300,,8,234,200
Ariul 7 Days Mask Facial Tea Tree + M [new]/Masker Wajah,https://storage.googleapis.com/indo-astro/Ariul_7_Days_Mask_Facial_Tea_Tree_+_M_[new]_Masker_Wajah_240x240.png,18600,,6,63,20
Rojukiss Premium Bright Pore Expert 5x Serum Mask Sachet Masker Wajah/Facial Mask 25ml,https://storage.googleapis.com/indo-astro/Rojukiss_Premium_Bright_Pore_Expert_5x_Serum_Mask_Sachet_Masker_Wajah_Facial_Mask_25ml_240x240.png,20100,,1,120,25
Garnier Serum Mask Pure Charcoal Black Algae Masker Wajah/Facial Mask,https://storage.googleapis.com/indo-astro/Garnier_Serum_Mask_Pure_Charcoal_Black_Algae_Masker_Wajah_Facial_Mask_240x240.png,22000,,7,234,200
Garnier Serum Mask Hydrabomb Sakura White Masker Wajah/Facial Mask,https://storage.googleapis.com/indo-astro/Garnier_Serum_Mask_Hydrabomb_Sakura_White_Masker_Wajah_Facial_Mask_240x240.png,22000,,10,234,200
Wardah Eyeliner Pencil Black 1.14gr,https://storage.googleapis.com/indo-astro/Wardah_Eyeliner_Pencil_Black_1.14gr_240x240.png,40900,,1,1000,5
Maybelline Eyebrow Pencil Define And Blend Mechanic - Natural Brown,https://storage.googleapis.com/indo-astro/Maybelline_Eyebrow_Pencil_Define_And_Blend_Mechanic_-_Natural_Brown_240x240.png,56600,,3,170,200
Emina Glossy Stain Lip Tint Autumn Bell 3gr,https://storage.googleapis.com/indo-astro/Emina_Glossy_Stain_Lip_Tint_Autumn_Bell_3gr_1648803421148_PRODUCT_240x240.png,47700,,10,1000,3
Emina Creamytint Lip Tint Brick Town 3.6gr,https://storage.googleapis.com/indo-astro/Emina_Creamytint_Lip_Tint_Brick_Town_3.6gr_240x240.png,37100,,3,1000,4
Maybelline Hypersharp Liner Liquid Pen Waterproof Eyeliner,https://storage.googleapis.com/indo-astro/Maybelline_Hypersharp_Liner_Liquid_Pen_Waterproof_Eyeliner_240x240.png,99900,,3,1000,5
Maybelline The Falsies Lash Lift Waterproof Mascara - Black,https://storage.googleapis.com/indo-astro/Maybelline_The_Falsies_Lash_Lift_Waterproof_Mascara_-_Black_240x240.png,115500,,4,44,31
Maybelline Superstay Liquid Matte Lipstick - Assertive,https://storage.googleapis.com/indo-astro/Maybelline_Superstay_Liquid_Matte_Lipstick_-_Assertive_240x240.png,89900,,3,1000,5
Wardah EyeXpert Aqua Lash Mascara Reguler 6gr,https://storage.googleapis.com/indo-astro/Wardah_EyeXpert_Aqua_Lash_Mascara_Reguler_6gr_240x240.png,48100,,3,26,6
Wardah Everyday BB Cream Natural 15ml,https://storage.googleapis.com/indo-astro/Wardah_Everyday_BB_Cream_Natural_15ml_240x240.png,29000,,1,120,20
Maybelline Volum Express Hyper Curl Mascara Waterproof - Black,https://storage.googleapis.com/indo-astro/Maybelline_Volum_Express_Hyper_Curl_Mascara_Waterproof_-_Black_240x240.png,73000,,7,44,31
Bioderma Sensibio Micellar Water 100ml,https://storage.googleapis.com/indo-astro/Bioderma_Sensibio_Micellar_Water_100ml_240x240.png,132000,,5,250,130
NIVEA Sparkling Bright Foam 100ml,https://storage.googleapis.com/indo-astro/NIVEA_Sparkling_Bright_Foam_100ml_1649399805408_PRODUCT_240x240.png,25800,,11,1000,100
NIVEA MicellAir Pearl And White 125ml,https://storage.googleapis.com/indo-astro/NIVEA_MicellAir_Pearl_And_White_125ml_1649399780651_PRODUCT_240x240.png,32200,,20,1000,125
NIVEA MicellAir Oil & Acne Care 125ml,https://storage.googleapis.com/indo-astro/NIVEA_MicellAir_Oil_&_Acne_Care_125ml_1649399739944_PRODUCT_240x240.png,32200,,26,1000,125
Emina Bright Stuff for Acne Prone Skin Face Wash 100ml,https://storage.googleapis.com/indo-astro/Emina_Bright_Stuff_for_Acne_Prone_Skin_Face_Wash_100ml_240x240.png,26200,,13,1000,100
COSRX Salicylic Acid Daily Gentle Cleanser 150ml/Sabun Muka,https://storage.googleapis.com/indo-astro/COSRX_Salicylic_Acid_Daily_Gentle_Cleanser_150ml_Sabun_Muka_240x240.png,136500,,5,1000,150
COSRX Low pH Good Morning Gel Cleanser 150ml/Sabun Muka,https://storage.googleapis.com/indo-astro/COSRX_Low_pH_Good_Morning_Gel_Cleanser_150ml_Sabun_Muka_240x240.png,136500,,4,1000,150
Garnier Micellar Water Blue 125ml,https://storage.googleapis.com/indo-astro/Garnier_Micellar_Water_Blue_125ml_240x240.png,30300,,3,392,175
Garnier Pure Active Acne And Oil Clearing Foam 100ml,https://storage.googleapis.com/indo-astro/Garnier_Pure_Active_Acne_And_Oil_Clearing_Foam_100ml_240x240.png,29100,,12,1000,150
Wardah Facial Wash Crystal Secret with AHA PHA 100ml/Sabun Muka,https://storage.googleapis.com/indo-astro/Wardah_Facial_Wash_Crystal_Secret_with_AHA_PHA_100ml_Sabun_Muka_240x240.png,30700,,8,1000,100
Garnier Sakura Glow White Cleanser Face Wash 100ml/Sabun Muka,https://storage.googleapis.com/indo-astro/Garnier_Sakura_Glow_White_Cleanser_Face_Wash_100ml_Sabun_Muka_240x240.png,29900,,6,306,150
L'Oreal Paris Lip And Eye Makeup Remover 125ml,https://storage.googleapis.com/indo-astro/L'Oreal_Paris_Lip_And_Eye_Makeup_Remover_125ml_240x240.png,126400,,11,312,150
Garnier Micellar Water Pink 125ml,https://storage.googleapis.com/indo-astro/Garnier_Micellar_Water_Pink_125ml_240x240.png,31900,,5,392,175
Garnier Light Complete Super UV SPF50+ Sunscreen 30ml Matte Finish,https://storage.googleapis.com/indo-astro/Garnier_Light_Complete_Super_UV_SPF50+_Sunscreen_30ml_Matte_Finish_240x240.png,64000,,5,72,100
BIORE UV AQUA Rich Watery Essence SPF50 50gr/Sunscreen,https://storage.googleapis.com/indo-astro/BIORE_UV_AQUA_Rich_Watery_Essence_SPF50_50gr_Sunscreen_1650598475044_PRODUCT_240x240.png,121000,,4,1000,80
NIVEA SUN Face Serum Instant Aura 30ml,https://storage.googleapis.com/indo-astro/NIVEA_SUN_Face_Serum_Instant_Aura_30mL_1649383658521_PRODUCT_240x240.png,51500,,11,1000,30
Somethinc Glowing Up Sunscreen Stick SPF 50 PA+++ 15gr,https://storage.googleapis.com/indo-astro/Somethinc_Glowing_Up_Sunscreen_Stick_SPF_50_PA+++_15gr_240x240.png,126300,,15,1000,15
Emina Sun Battle SPF 30 PA+++ 60ml,https://storage.googleapis.com/indo-astro/Emina_Sun_Battle_SPF_30_PA+++_60ml_1648802866014_PRODUCT_240x240.png,28500,,13,1000,60
Medisoft Cotton Ball 120/Bola Kapas Bulat Bayi,https://storage.googleapis.com/indo-astro/Medisoft_Cotton_Ball_120_Bola_Kapas_Bulat_Bayi_240x240.png,11100,,11,1000,130
Trendy Pinset Penjepit Tweezers,https://storage.googleapis.com/indo-astro/Trendy_Pinset_Penjepit_Tweezers_1649049031365_PRODUCT_240x240.png,31300,,8,1000,50
Trendy Eyelash Curler TD719,https://storage.googleapis.com/indo-astro/Trendy_Eyelash_Curler_TD719_PRODUCT_1645101359944_240x240.png,28000,,19,1000,100
Trendy Nail Clipper TD547PC,https://storage.googleapis.com/indo-astro/Trendy_Nail_Clipper_TD547PC_PRODUCT_1645101370284_240x240.png,19400,,4,1000,100
Trendy Cosmectic Puff TD616,https://storage.googleapis.com/indo-astro/Trendy_Cosmectic_Puff_TD616_PRODUCT_1645101381910_240x240.png,13400,,15,1000,100
Trendy Hair Comb HCL131,https://storage.googleapis.com/indo-astro/Trendy_Hair_Comb_HCL131_PRODUCT_1645101391171_240x240.png,13400,,15,1000,100
Lavana Mesh Sponge LAV0101 50gr,https://storage.googleapis.com/indo-astro/Lavana_Mesh_Sponge_LAV0101_50gr_240x240.png,21200,,16,1000,50
Selection Facial Cotton Round Isi 80 Pcs/Kapas Bulat,https://storage.googleapis.com/indo-astro/Selection_Facial_Cotton_Round_Isi_80_Pcs_Kapas_Bulat_240x240.png,17600,,2,1127,100
Selection Facial Cotton Kapas 75gr,https://storage.googleapis.com/indo-astro/Selection_Facial_Cotton_Kapas_75gr_240x240.png,14700,,4,425,100
Selection Cotton Bud Kapas isi 100 Pcs,https://storage.googleapis.com/indo-astro/Selection_Cotton_Bud_Kapas_isi_100_Pcs_240x240.png,5200,,0,220,120
Palmolive Naturals Orchid Body Wash 1L/Sabun Mandi,https://storage.googleapis.com/indo-astro/Palmolive_Naturals_Orchid_Body_Wash_1L_Sabun_Mandi_1658806284710_PRODUCT_240x240.png,89400,46400,10,1000,1050
Palmolive Aroma Sensations Morning Tonic Shower Gel 750ml/Sabun Mandi - Isi 2,https://storage.googleapis.com/indo-astro/Palmolive_Aroma_Sensations_Morning_Tonic_Shower_Gel_750ml_Sabun_Mandi_-_Isi_2_PRODUCT_1644628570324_240x240.png,148900,93800,6,1000,750
Palmolive Naturals Milk & Honey Body Wash 1L/Sabun Mandi,https://storage.googleapis.com/indo-astro/Palmolive_Naturals_Milk_&_Honey_Body_Wash_1L_Sabun_Mandi_1658808572707_PRODUCT_240x240.png,89400,46400,17,1000,1000
Palmolive Luminous Oils Shower Gel Invigorating Pouch 400ml,https://storage.googleapis.com/indo-astro/Palmolive_Luminous_Oils_Shower_Gel_Invigorating_Pouch_400ml_1656484364448_PRODUCT_240x240.png,37400,28000,2,192,400
Palmolive Luminous Oils Shower Gel Rejuvenating Pouch 400ml,https://storage.googleapis.com/indo-astro/Palmolive_Luminous_Oils_Shower_Gel_Rejuvenating_Pouch_400ml_1656484469922_PRODUCT_240x240.png,37400,28000,2,192,400
Dettol Sensitive Bodywash Lavender & White Musk Refill Pouch 450ml/Sabun Mandi,https://storage.googleapis.com/indo-astro/Dettol_Sensitive_Bodywash_Lavender_&_White_Musk_Refill_Pouch_450ml_Sabun_Mandi_PRODUCT_1646727153092_240x240.png,35400,,1,1000,450
MuTouch Shower Cream Goats Milk With Honey & Royal Jelly Pouch 800ml,https://storage.googleapis.com/indo-astro/MuTouch_Shower_Cream_Goats_Milk_With_Honey_&_Royal_Jelly_Pouch_800ml_PRODUCT_1646704787456_240x240.png,51800,,39,1000,800
MuTouch Shower Cream Goats Milk With Mulberry and Pearl Pouch 800ml,https://storage.googleapis.com/indo-astro/MuTouch_Shower_Cream_Goats_Milk_With_Mulberry_and_Pearl_Pouch_800ml_PRODUCT_1646704821210_240x240.png,51800,,17,1000,800
Giv Purple Passion Flower & Berry Body Wash Pouch 900ml/Sabun Mandi,https://storage.googleapis.com/indo-astro/Giv_Purple_Passion_Flower_&_Berry_Body_Wash_Pouch_900ml_Sabun_Mandi_PRODUCT_1646708444846_240x240.png,46700,,13,1000,900
Giv White Glowing White Mulberry & Collagen Body Wash Pouch 900ml/Sabun Mandi,https://storage.googleapis.com/indo-astro/Giv_White_Glowing_White_Mulberry_&_Collagen_Body_Wash_Pouch_900ml_Sabun_Mandi_PRODUCT_1646727338551_240x240.png,41100,,7,1000,100
Betadine Natural Defense Body Wash 500ml/Sabun Mandi,https://storage.googleapis.com/indo-astro/Betadine_Natural_Defense_Body_Wash_500ml_Sabun_Mandi_PRODUCT_1646641634714_240x240.png,70700,35300,6,1000,500
Scarlett Whitening Coffee Body Scrub 325gr,https://storage.googleapis.com/indo-astro/Scarlett_Whitening_Coffee_Body_Scrub_325gr_PRODUCT_1645086506319_240x240.png,75800,,5,1000,325
Scarlett Whitening Jolly Brightening Shower Scrub 300ml,https://storage.googleapis.com/indo-astro/Scarlett_Whitening_Jolly_Brightening_Shower_Scrub_300ml_PRODUCT_1645084641647_240x240.png,75800,,10,1000,300
Palmolive Aroma Sensations Sensual Shower Gel 750ml/Sabun Mandi - Isi 2,https://storage.googleapis.com/indo-astro/Palmolive_Aroma_Sensations_Sensual_Shower_Gel_750ml_Sabun_Mandi_-_Isi_2_PRODUCT_1644628602552_240x240.png,148900,93800,15,1000,750
Palmolive Aroma Sensations Absolute Relax Shower Gel 750ml/Sabun Mandi - Isi 2,https://storage.googleapis.com/indo-astro/Palmolive_Aroma_Sensations_Absolute_Relax_Shower_Gel_750ml_Sabun_Mandi_-_Isi_2_PRODUCT_1644628654120_240x240.png,148900,93800,12,1000,750
Palmolive Naturals Milk & Honey Body Wash 1L/Sabun Mandi - Isi 2,https://storage.googleapis.com/indo-astro/Palmolive_Naturals_Milk_&_Honey_Body_Wash_1L_Sabun_Mandi_-_Isi_2_1658805835003_PRODUCT_240x240.png,178800,116200,21,1000,1000
Palmolive Naturals Cherry Blossom Body Wash 1L/Sabun Mandi - Isi 2,https://storage.googleapis.com/indo-astro/Palmolive_Naturals_Cherry_Blossom_Body_Wash_1L_Sabun_Mandi_-_Isi_2_1658805961465_PRODUCT_240x240.png,178800,116200,2,1000,1000
Palmolive Naturals Orchid Body Wash 1L/Sabun Mandi - Isi 2,https://storage.googleapis.com/indo-astro/Palmolive_Naturals_Orchid_Body_Wash_1L_Sabun_Mandi_-_Isi_2_1658805867895_PRODUCT_240x240.png,178800,116200,18,1000,1000
Palmolive Naturals Cherry Blossom Body Wash 1L/Sabun Mandi,https://storage.googleapis.com/indo-astro/Palmolive_Naturals_Cherry_Blossom_Body_Wash_1L_Sabun_Mandi_1658805793526_PRODUCT_240x240.png,89400,46400,2,1000,1050
Palmolive Aroma Sensations Morning Tonic Shower Gel 750ml/Sabun Mandi,https://storage.googleapis.com/indo-astro/Palmolive_Aroma_Sensations_Morning_Tonic_Shower_Gel_750ml_Sabun_Mandi_PRODUCT_1644629624600_240x240.png,78300,50800,17,1000,750
Palmolive Aroma Sensations Sensual Shower Gel 750ml/Sabun Mandi,https://storage.googleapis.com/indo-astro/Palmolive_Aroma_Sensations_Sensual_Shower_Gel_750ml_Sabun_Mandi_PRODUCT_1644630236277_240x240.png,78300,50800,19,1000,750
Kojie San Skin Lightening Soap With Hydromoist 65gr,https://storage.googleapis.com/indo-astro/Kojie_San_Skin_Lightening_Soap_With_Hydromoist_65gr_PRODUCT_240x240.png,20000,,2,1000,65
Kojie San Kojic Acid Soap 135gr,https://storage.googleapis.com/indo-astro/Kojie_San_Kojic_Acid_Soap_135gr_PRODUCT_1643348829972_240x240.png,36900,,23,1000,135
Scarlett Whitening Romansa Body Scrub 250gr,https://storage.googleapis.com/indo-astro/Scarlett_Whitening_Romansa_Body_Scrub_325gr_240x240.png,75800,,8,1000,250
Men's Biore Body Foam Cool Energy Pouch 450ml/Sabun Mandi,https://storage.googleapis.com/indo-astro/Men's_Biore_Body_Foam_Cool_Energy_Pouch_450ml_Sabun_Mandi_1650599509392_PRODUCT_240x240.png,29900,,4,1000,480
Aveeno Skin Relief Body Wash 354ml/Sabun Mandi,https://storage.googleapis.com/indo-astro/Aveeno_Skin_Relief_Body_Wash_354ml_Sabun_Mandi_240x240.png,166700,,3,1000,354
Aveeno Daily Moisturizing Body Wash 354ml/Sabun Mandi,https://storage.googleapis.com/indo-astro/Aveeno_Daily_Moisturizing_Body_Wash_354ml_Sabun_Mandi_PRODUCT_1644571448036_240x240.png,166700,,3,1000,354
Kahf Hair and Body Wash Energizing 200ml/Sabun Mandi,https://storage.googleapis.com/indo-astro/Kahf_Hair_and_Body_Wash_Energizing_200ml_Sabun_Mandi_240x240.png,37300,,24,1000,200
Kahf Hair and Body Wash Relaxing 200ml/Sabun Mandi,https://storage.googleapis.com/indo-astro/Kahf_Hair_and_Body_Wash_Relaxing_200ml_Sabun_Mandi_240x240.png,37300,,12,1000,200
Palmolive Aroma Sensations Absolute Relax Shower Gel 750ml/Sabun Mandi,https://storage.googleapis.com/indo-astro/Palmolive_Aroma_Sensations_Absolute_Relax_Shower_Gel_750ml_Sabun_Mandi_1658806336796_PRODUCT_240x240.png,78300,50800,25,504,750
Lifebuoy Antibacterial Lemonfresh Body Wash/Sabun Mandi Pouch 450ml,https://storage.googleapis.com/indo-astro/Lifebuoy_Antibacterial_Lemonfresh_Body_Wash_Sabun_Mandi_Pouch_450ml_240x240.png,30500,,3,1848,500
Giv White Glowing White Mulberry & Collagen Body Wash Pouch 450ml/Sabun Mandi,https://storage.googleapis.com/indo-astro/Giv_White_Glowing_White_Mulberry_&_Collagen_Body_Wash_Pouch_450ml_Sabun_Mandi_240x240.png,25700,,12,1862,450
Love Beauty And Planet Petal Soft Body Wash Botol 400ml/Sabun Mandi,https://storage.googleapis.com/indo-astro/Love_Beauty_And_Planet_Petal_Soft_Body_Wash_Botol_400ml_Sabun_Mandi_240x240.png,56400,,8,2000,400
Love Beauty And Planet Majestic Glow Body Wash Botol 400ml/Sabun Mandi,https://storage.googleapis.com/indo-astro/Love_Beauty_And_Planet_Majestic_Glow_Body_Wash_Botol_400ml_Sabun_Mandi_240x240.png,57500,,15,2000,400
Lifebuoy Mildcare Body Wash Pouch 400ml/Sabun Mandi,https://storage.googleapis.com/indo-astro/Lifebuoy_Mildcare_Body_Wash_Pouch_400ml_Sabun_Mandi_1655434940748_PRODUCT_240x240.png,30900,,4,1848,400
Lifebuoy Total 10 Body Wash Pouch 400ml/Sabun Mandi,https://storage.googleapis.com/indo-astro/Lifebuoy_Total_10_Body_Wash_Pouch_400ml_Sabun_Mandi_1655435073123_PRODUCT_240x240.png,30900,27800,7,1848,450
Lifebuoy Mildcare Body Wash Pouch 850ml/Sabun Mandi,https://storage.googleapis.com/indo-astro/Lifebuoy_Mildcare_Body_Wash_Pouch_850ml_Sabun_Mandi_240x240.png,48700,,6,1000,850
Lifebuoy Antibacterial Lemonfresh Body Wash Pouch 850ml/Sabun Mandi,https://storage.googleapis.com/indo-astro/Lifebuoy_Antibacterial_Lemonfresh_Body_Wash_Pouch_850ml_Sabun_Mandi_240x240.png,52000,44200,8,1000,850
Lifebuoy Total 10 Antibacterial Body Wash Pouch 850ml/Sabun Mandi,https://storage.googleapis.com/indo-astro/Lifebuoy_Total_10_Antibacterial_Body_Wash_Pouch_850ml_Sabun_Mandi_240x240.png,58300,,5,1000,850
Biore Body Foam Pure Mild - 450ml/Sabun Mandi,https://storage.googleapis.com/indo-astro/Biore_Body_Foam_Pure_Mild_-_450ml_Sabun_Mandi_1653725595026_PRODUCT_240x240.png,28600,,1,2156,450
Biore Body Foam White Scrub - 450ml/Sabun Mandi,https://storage.googleapis.com/indo-astro/Biore_Body_Foam_White_Scrub_-_450ml_Sabun_Mandi_1650599006582_PRODUCT_240x240.png,29300,,4,750,450
Biore Guard Body Foam Lively Fresh - 450ml/Sabun Mandi,https://storage.googleapis.com/indo-astro/Biore_Guard_Body_Foam_Lively_Fresh_-_450ml_Sabun_Mandi_1650598986783_PRODUCT_240x240.png,28100,,2,750,450
Biore Body Foam Relaxing - 450ml/Sabun Mandi,https://storage.googleapis.com/indo-astro/Biore_Body_Foam_Relaxing_-_450ml_Sabun_Mandi_1650598967545_PRODUCT_240x240.png,28700,,4,750,450
Lux Botanicals Liquid Soap Pouch Velvet Jasmine 850ml/Sabun,https://storage.googleapis.com/indo-astro/Lux_Botanicals_Liquid_Soap_Pouch_Velvet_Jasmine_900ml_Sabun_240x240.png,45700,,8,1000,900
Lux Botanicals Liquid Soap Pouch Soft Rose 825ml/Sabun,https://storage.googleapis.com/indo-astro/Lux_Botanicals_Liquid_Soap_Pouch_Soft_Rose_900ml_Sabun_240x240.png,59500,,7,1000,900
Lux Botanicals Liquid Soap Pouch Sakura Bloom 850ml/Sabun,https://storage.googleapis.com/indo-astro/Lux_Botanicals_Liquid_Soap_Pouch_Sakura_Bloom_900ml_Sabun_240x240.png,57600,49200,11,1000,900
Lux Botanicals Bar Soap Multipack Magical Orchid 3x110gr/Sabun,https://storage.googleapis.com/indo-astro/Lux_Botanicals_Bar_Soap_Multipack_Magical_Orchid_3x110gr_Sabun_240x240.png,18300,,3,162,110
Lux Botanicals Bar Soap Multipack Soft Rose 3x110gr/Sabun,https://storage.googleapis.com/indo-astro/Lux_Botanicals_Bar_Soap_Multipack_Soft_Rose_3x110gr_Sabun_240x240.png,18300,,14,162,110
Lifebuoy TS Mild Care 4x110gr - Sabun Batang/Bar Soap,https://storage.googleapis.com/indo-astro/Lifebuoy_TS_Mild_Care_4x110gr_-_Sabun_Batang_Bar_Soap_240x240.png,18800,,14,162,460
Dove Deeply Nourishing Body Wash Pouch 400ml/Sabun Mandi,https://storage.googleapis.com/indo-astro/Dove_Deeply_Nourishing_Body_Wash_Pouch_400ml_Sabun_Mandi_1659154525797_PRODUCT_240x240.png,40800,33900,5,1960,415
Dove Deeply Nourishing Body Wash 550ml/Sabun Mandi,https://storage.googleapis.com/indo-astro/Dove_Deeply_Nourishing_Bodywash_550ml_Sabun_Mandi_240x240.png,76400,,8,1200,650
Dettol Body Wash Lasting Fresh Pouch 410ml/Sabun Mandi,https://storage.googleapis.com/indo-astro/Dettol_Body_Wash_Lasting_Fresh_Pouch_410ml_Sabun_Mandi_PRODUCT_1646702220634_240x240.png,34000,,0,1000,410
Dettol Body Wash Re-energize Pouch 410ml/Sabun Mandi,https://storage.googleapis.com/indo-astro/Dettol_Body_Wash_Re-energize_Pouch_410ml_Sabun_Mandi_PRODUCT_1646703857313_240x240.png,34000,,0,1000,410
Biore Guard Body Foam Energetic Cool - 450ml/Sabun Mandi,https://storage.googleapis.com/indo-astro/Biore_Guard_Body_Foam_Energetic_Cool_-_450ml_Sabun_Mandi_1650599021460_PRODUCT_240x240.png,27900,,0,750,450
Lux Botanicals Bar Soap Multipack Velvet Jasmine 3x110gr/Sabun,https://storage.googleapis.com/indo-astro/Lux_Botanicals_Bar_Soap_Multipack_Velvet_Jasmine_3x110gr_Sabun_240x240.png,18300,,0,162,110
Lifebuoy TS Total 10 4x110gr - Sabun Batang/Bar Soap,https://storage.googleapis.com/indo-astro/Lifebuoy_TS_Total_10_4x110gr_-_Sabun_Batang_Bar_Soap_240x240.png,19200,,0,162,460
Dettol Original Body Wash Antibacterial Refill Pouch 410ml/Sabun Mandi,https://storage.googleapis.com/indo-astro/Dettol_Original_Bodywash_Antibacterial_Refill_Pouch_410ml_Sabun_Mandi_240x240.png,34000,,0,2058,420
Dettol Sabun Batang Anti Bakteri Original 100gr isi 5/Bar Soap Antibacterial,https://storage.googleapis.com/indo-astro/Dettol_Sabun_Batang_Anti_Bakteri_Original_100gr_isi_5_Bar_Soap_Antibacterial_240x240.png,33100,,0,702,520
Clear Shampoo Anti Dandruff Complete Soft Care 300ml,https://storage.googleapis.com/indo-astro/Clear_Shampoo_Anti_Dandruff_Complete_Soft_Care_300ml_240x240.png,54500,,5,560,320
Sunsilk Hair Conditioner Black Shine 160ml/Kondisioner,https://storage.googleapis.com/indo-astro/Sunsilk_Hair_Conditioner_Black_Shine_160ml_Kondisioner_1650605439332_PRODUCT_240x240.png,30600,,18,340,200
L'Oreal Paris Shampoo Fall Resist 3X Anti Hair-Fall 170ml,https://storage.googleapis.com/indo-astro/L'Oreal_Paris_Shampoo_Fall_Resist_3X_Anti_Hair-Fall_170ml_240x240.png,39700,,1,408,245
Batiste Heavenly Volume Dry Shampoo 200ml,https://storage.googleapis.com/indo-astro/Batiste_Heavenly_Volume_Dry_Shampoo_200ml_1650435630786_PRODUCT_240x240.png,119000,59500,4,550,185
Batiste Original Dry Shampoo 200ml,https://storage.googleapis.com/indo-astro/Batiste_Original_Dry_Shampoo_200ml_1650435642350_PRODUCT_240x240.png,120200,60100,5,550,185
L'Oreal Paris Extraordinary Oil Gold 100ml,https://storage.googleapis.com/indo-astro/L'Oreal_Paris_Extraordinary_Oil_Gold_100ml_240x240.png,122900,,10,240,280
Head & Shoulders Anti Hairfall Hair Conditioner Supreme 135ml/Kondisioner,https://storage.googleapis.com/indo-astro/Head_&_Shoulders_Anti_Hairfall_Hair_Conditioner_Supreme_135ml_Kondisioner_240x240.png,30200,,8,760,190
Head & Shoulders Supreme Anti Hairfall Shampoo 135ml,https://storage.googleapis.com/indo-astro/Head_&_Shoulders_Supreme_Anti_Hairfall_Shampoo_135ml_240x240.png,28400,,11,792,160
Pantene Hair Conditioner Perfect On Tanpa Bilas 40ml/Kondisioner,https://storage.googleapis.com/indo-astro/Pantene_Hair_Conditioner_Perfect_On_Tanpa_Bilas_40ml_Kondisioner_240x240.png,14700,,6,216,40
Head & Shoulders Supreme Smooth Shampoo 480ml,https://storage.googleapis.com/indo-astro/Head_&_Shoulders_Supreme_Smooth_Shampoo_480ml_240x240.png,68600,58300,2,476,190
Head & Shoulders Cool Menthol Shampoo 400ml Botol Pump,https://storage.googleapis.com/indo-astro/Head_&_Shoulders_Cool_Menthol_Shampoo_400ml_Botol_Pump_240x240.png,63600,50800,19,792,200
L'Oreal Paris Total Repair 5 Conditioner 170ml/Kondisioner,https://storage.googleapis.com/indo-astro/L'Oreal_Paris_Total_Repair_5_Conditioner_170ml_Kondisioner_240x240.png,37200,,7,288,220
Pantene Shampoo Aqua Pure 750ml Isi 2,https://storage.googleapis.com/indo-astro/Pantene_Aqua_Pure_Shampoo_750ml_(2pcs)_PRODUCT_1645165734034_240x240.png,181600,141600,30,1000,750
Herbal Essences Bio Renew White Strawberry and Mint Conditioner & Shampoo 400ml,https://storage.googleapis.com/indo-astro/Herbal_Essences_Bio_Renew_White_Strawberry_and_Mint_Conditioner_&_Shampoo_400ml_PRODUCT_1645694306315_240x240.png,201800,141200,10,1000,400
Herbal Essences Bio Renew Repair Argan Oil Conditioner & Shampoo 400ml,https://storage.googleapis.com/indo-astro/Herbal_Essences_Bio_Renew_Repair_Argan_Oil_Conditioner_&_Shampoo_400ml_PRODUCT_1645770509956_240x240.png,201800,141200,21,1000,400
Head & Shoulders Lemon Fresh Shampoo 70ml,https://storage.googleapis.com/indo-astro/Head_&_Shoulders_Lemon_Fresh_Shampoo_70ml_PRODUCT_1644823429161_240x240.png,13100,,2,1000,70
Head & Shoulders Lemon Fresh  Shampoo 400ml Paket isi 3,https://storage.googleapis.com/indo-astro/Head_&_Shoulders_Lemon_Fresh__Shampoo_400ml_Paket_isi_3_PRODUCT_1644899494076_240x240.png,190600,133400,8,1000,400
Head & Shoulders Cool Menthol Shampoo 400ml Paket isi 3,https://storage.googleapis.com/indo-astro/Head_&_Shoulders_Cool_Menthol_Shampoo_400ml_Paket_isi_3_PRODUCT_1644899514468_240x240.png,190600,133400,4,1000,400
Pantene Shampoo Aqua Pure 750ml,https://storage.googleapis.com/indo-astro/Pantene_Shampoo_Aqua_Pure_750ml_PRODUCT_1644289108850_240x240.png,90800,72600,8,1000,750
Pantene Conditioner Miracles Biotin Strength 150ml Isi 2,https://storage.googleapis.com/indo-astro/Pantene_Conditioner_Miracles_Biotin_Strength_150ml_Isi_2_PRODUCT_1644289274991_240x240.png,54400,43500,13,1000,150
Pantene Shampoo Anti Hairfall 400ml Paket Isi 3,https://storage.googleapis.com/indo-astro/Pantene_Shampoo_Anti_Hairfall_400ml_Paket_Isi_3_PRODUCT_1644289022471_240x240.png,166400,116400,10,1000,400
Pantene Shampoo Anti Dandruff 400ml Paket Isi 3,https://storage.googleapis.com/indo-astro/Pantene_Shampoo_Anti_Dandruff_400ml_Paket_Isi_3_PRODUCT_1644288906383_240x240.png,166400,116400,3,1000,400
Palmolive Naturals Intensive Moisture Coco Cream and Milk Protein Shampoo & Conditioner 180ml,https://storage.googleapis.com/indo-astro/Palmolive_Naturals_Intensive_Moisture_Coco_Cream_and_Milk_Protein_Shampoo_&_Conditioner_180ml_1658808409787_PRODUCT_240x240.png,21200,20100,3,1000,250
Sunsilk Hijab Conditioner Refresh 3in1 Smoothies 170ml/Kondisioner,https://storage.googleapis.com/indo-astro/Sunsilk_Hijab_Conditioner_Refresh_3in1_Smoothies_170ml_Kondisioner_240x240.png,26500,,2,340,220
Clear Men 3in1 Sampo-Tonik-Sabun Active Clean 280ml/Sabun Mandi,https://storage.googleapis.com/indo-astro/Clear_Men_3in1_Sampo-Tonik-Sabun_Active_Clean_280ml_Sabun_Mandi_240x240.png,32900,,4,162,280
Pantene Shampoo Anti Dandruff 290ml,https://storage.googleapis.com/indo-astro/Pantene_Shampoo_Anti_Dandruff_290ml_240x240.png,49700,44700,3,420,300
Pantene Shampoo Hair Fall Control 290ml,https://storage.googleapis.com/indo-astro/Pantene_Shampoo_Hair_Fall_Control_290ml_240x240.png,43700,39300,4,420,300
Tresemme Keratin Smooth Conditioner 170ml/Kondisioner,https://storage.googleapis.com/indo-astro/Tresemme_Keratin_Smooth_Conditioner_170ml_Kondisioner_240x240.png,32900,,5,408,170
Makarizo Hair Energy Anti Aging Creambath Aloevera Cup 500gr,https://storage.googleapis.com/indo-astro/Makarizo_Hair_Energy_Anti_Aging_Creambath_Aloevera_Cup_500gr_240x240.png,77700,,3,600,500
Lifebuoy Shampoo Strong & Shiny 340ml,https://storage.googleapis.com/indo-astro/Lifebuoy_Shampoo_Strong_&_Shiny_340ml_240x240.png,37000,,3,560,350
Clear Shampoo Anti Dandruff Ice Cool 300ml,https://storage.googleapis.com/indo-astro/Clear_Shampoo_Anti_Dandruff_Ice_Cool_300ml_240x240.png,54500,,4,560,350
Sunsilk Shampoo 340ml - Soft & Smooth,https://storage.googleapis.com/indo-astro/Sunsilk_Shampoo_340ml_-_Soft_&_Smooth_240x240.png,48400,,2,770,400
Sunsilk Shampoo 320ml - Black Shine,https://storage.googleapis.com/indo-astro/Sunsilk_Shampoo_320ml_-_Black_Shine_240x240.png,47300,,9,770,400
Tresemme Shampoo Expert Selection Scalp Care 170ml,https://storage.googleapis.com/indo-astro/Tresemme_Shampoo_Expert_Selection_Scalp_Care_170ml_240x240.png,33100,,3,408,170
Tresemme Shampoo Keratin Smooth 170ml,https://storage.googleapis.com/indo-astro/Tresemme_Shampoo_Keratin_Smooth_170ml_240x240.png,33100,,4,408,170
Head & Shoulders Lemon Fresh Shampoo 300ml,https://storage.googleapis.com/indo-astro/Head_&_Shoulders_Lemon_Fresh_Shampoo_300ml_240x240.png,50400,42800,9,560,300
Head & Shoulders Cool Menthol Shampoo 300ml,https://storage.googleapis.com/indo-astro/Head_&_Shoulders_Cool_Menthol_Shampoo_300ml_240x240.png,50400,42800,6,560,300
Moist Diane Shampoo Damage Repair 450ml,https://storage.googleapis.com/indo-astro/Moist_Diane_Shampoo_Damage_Repair_450ml_240x240.png,120200,,3,120,450
Moist Diane Shampoo Extra Fresh and Hydrate 450ml,https://storage.googleapis.com/indo-astro/Moist_Diane_Shampoo_Extra_Fresh_and_Hydrate_450ml_240x240.png,120200,,3,120,450
Moist Diane Shampoo Extra Volume and Scalp 450ml,https://storage.googleapis.com/indo-astro/Moist_Diane_Shampoo_Extra_Volume_and_Scalp_450ml_240x240.png,120200,,10,120,450
Dove Shampoo Damage Treatment 290ml,https://storage.googleapis.com/indo-astro/Dove_Shampoo_Damage_Treatment_290ml_240x240.png,53500,,8,1280,290
Dove Shampoo Hairfall Treatment 290ml,https://storage.googleapis.com/indo-astro/Dove_Shampoo_Hairfall_Treatment_290ml_240x240.png,39400,,6,1280,290
Herbal Essences Bio Renew Repair Argan Oil Conditioner 400ml/Kondisioner,https://storage.googleapis.com/indo-astro/Herbal_Essences_Bio_Renew_Repair_Argan_Oil_Conditioner_400ml_Kondisioner_PRODUCT_1646615216882_240x240.png,99900,79900,28,800,400
Herbal Essences Bio Renew Repair Argan Oil Shampoo 400ml,https://storage.googleapis.com/indo-astro/Herbal_Essences_Bio_Renew_Repair_Argan_Oil_Shampoo_400ml_PRODUCT_1646615776403_240x240.png,99900,79900,23,800,400
Herbal Essences Bio Renew White Strawberry and Mint Shampoo 400ml,https://storage.googleapis.com/indo-astro/Herbal_Essences_Bio_Renew_White_Strawberry_and_Mint_Shampoo_400ml_240x240.png,99900,79900,29,800,400
Herbal Essences Bio Renew White Strawberry and Mint Conditioner 400ml/Kondisioner,https://storage.googleapis.com/indo-astro/Herbal_Essences_Bio_Renew_White_Strawberry_and_Mint_Conditioner_400ml_Kondisioner_PRODUCT_1645165328799_240x240.png,99900,79900,16,800,400
Dove 3 in 1 Super Shampoo Serum 125ml,https://storage.googleapis.com/indo-astro/Dove_3_in_1_Super_Shampoo_Serum_125ml_240x240.png,21800,,6,425,150
Dove Conditioner Hairfall Treatment 320ml/Kondisioner,https://storage.googleapis.com/indo-astro/Dove_Conditioner_Hairfall_Treatment_320ml_Kondisioner_240x240.png,56100,,10,288,320
Dove Conditioner Damage Treatment 320ml/Kondisioner,https://storage.googleapis.com/indo-astro/Dove_Conditioner_Damage_Treatment_320ml_Kondisioner_240x240.png,63400,,11,288,320
Sunsilk Shampoo 170ml - Hijab,https://storage.googleapis.com/indo-astro/Sunsilk_Shampoo_170ml_-_Hijab_240x240.png,25400,,2,360,220
Sunsilk Shampoo 160ml - Soft & Smooth,https://storage.googleapis.com/indo-astro/Sunsilk_Shampoo_170ml_-_Soft_&_Smooth_240x240.png,24700,,3,360,220
L'Oreal Paris Shampoo Total Repair 5 280ml,https://storage.googleapis.com/indo-astro/L'Oreal_Paris_Shampoo_Total_Repair_5_280ml_240x240.png,57600,,7,288,330
L'Oreal Paris Hair Conditioner Fall Resist 3X Anti Hair-Fall 170ml/Kondisioner,https://storage.googleapis.com/indo-astro/L'Oreal_Paris_Hair_Conditioner_Fall_Resist_3X_Anti_Hair-Fall_170ml_Kondisioner_240x240.png,40000,,14,288,220
Batiste Fresh Dry Shampoo 200ml,https://storage.googleapis.com/indo-astro/Batiste_Fresh_Dry_Shampoo_200ml_1650435678807_PRODUCT_240x240.png,120200,,0,550,230
Pantene Shampoo Silky Smooth 400ml - Botol Pump,https://storage.googleapis.com/indo-astro/Pantene_Shampoo_Silky_Smooth_400ml_-_Botol_Pump_240x240.png,60500,,0,1100,160
Palmolive Naturals Ultra Smooth Aloe Vera Shampoo & Conditioner 180ml,https://storage.googleapis.com/indo-astro/Palmolive_Naturals_Ultra_Smooth_Aloe_Vera_Shampoo_&_Conditioner_180ml_1658808307967_PRODUCT_240x240.png,21200,,0,1000,250
Lifebuoy Shampoo Anti Dandruff 340ml,https://storage.googleapis.com/indo-astro/Lifebuoy_Shampoo_Anti_Dandruff_340ml_240x240.png,40200,,0,560,350
Dettol Handwash Original Pump 245ml/Sabun Cuci Tangan,https://storage.googleapis.com/indo-astro/Dettol_Handwash_Original_Pump_245ml_Sabun_Cuci_Tangan_240x240.png,26900,18800,1,576,270
Saniter Handwash Refill Pouch 400ml/Sabun Cuci Tangan,https://storage.googleapis.com/indo-astro/Saniter_Handwash_Refill_Pouch_400ml_Sabun_Cuci_Tangan_240x240.png,15800,,2,1330,430
SOS Strawberry Hand Wash Pump 400ml/Sabun Cuci Tangan,https://storage.googleapis.com/indo-astro/SOS_Strawberry_Hand_Wash_400ml_Pump_PRODUCT_1644809583025_240x240.png,18200,,2,1000,400
Dettol Handwash Original Pouch 400ml/Sabun Cuci Tangan,https://storage.googleapis.com/indo-astro/Dettol_Handwash_Original_Pouch_400ml_Sabun_Cuci_Tangan_240x240.png,23400,9300,6,1330,250
Biore Foaming Hand Soap Fresh Antiseptic Pouch 250ml/Sabun Cuci Tangan,https://storage.googleapis.com/indo-astro/Biore_Foaming_Hand_Soap_Sabun_Cuci_Tangan_Fresh_Antiseptic_Pouch_250ml_240x240.png,18200,,3,990,250
Yuri Apple Hand Soap Refill Plastik/Sabun Cuci Tangan 375ml,https://storage.googleapis.com/indo-astro/Yuri_Apple_Hand_Soap_Refill_Plastik_Sabun_Cuci_Tangan_375ml_240x240.png,19100,,1,1170,375
Yuri Strawberry Refill Plastik 375ml/Sabun Cuci Tangan,https://storage.googleapis.com/indo-astro/Yuri_Strawberry_Refill_Plastik_375ml_Sabun_Cuci_Tangan_240x240.png,20500,,2,1170,375
Lifebuoy Handwash Mild Care Pump 200ml/Sabun Cuci Tangan,https://storage.googleapis.com/indo-astro/Lifebuoy_Handwash_Mild_Care_Pump_200ml_Sabun_Cuci_Tangan_240x240.png,14600,12800,4,160,250
Lifebuoy Handwash Total 10 Pump 200ml Total 10/Sabun Cuci Tangan,https://storage.googleapis.com/indo-astro/Lifebuoy_Handwash_Total_10_Pump_200ml_Total_10_Sabun_Cuci_Tangan_240x240.png,14600,,4,136,230
Lifebuoy Handwash Mild Care Pouch 180ml/Sabun Cuci Tangan,https://storage.googleapis.com/indo-astro/Lifebuoy_Handwash_Mild_Care_Pouch_180ml_Sabun_Cuci_Tangan_240x240.png,14000,,8,352,210
Lifebuoy Handwash Total 10 Pouch 180ml/Sabun Cuci Tangan,https://storage.googleapis.com/indo-astro/Lifebuoy_Handwash_Total_10_Pouch_180ml_Sabun_Cuci_Tangan_240x240.png,12000,,4,352,210
Saniter Handwash Bottle 250ml/Sabun Cuci Tangan,https://storage.googleapis.com/indo-astro/Saniter_Handwash_Bottle_250ml_Sabun_Cuci_Tangan_240x240.png,16000,,3,360,280
SOS Orange Hand Wash Pump 400ml/Sabun Cuci Tangan,https://storage.googleapis.com/indo-astro/SOS_Orange_Hand_Wash_400ml_Pump_PRODUCT_1644809602148_240x240.png,18200,,0,1000,400
Clean & Clear Foaming Face Wash Oil Free 100ml/Sabun Muka,https://storage.googleapis.com/indo-astro/Clean_&_Clear_Foaming_Face_Wash_Oil_Free_100ml_Sabun_Muka_PRODUCT_1645005055712_240x240.png,22000,,12,130,130
Men's Biore Double Scrub Facial Foam Deep Fresh - 100gr/Sabun Muka,https://storage.googleapis.com/indo-astro/Men's_Biore_Double_Scrub_Facial_Foam_Deep_Fresh_-_100gr_Sabun_Muka_1650599677796_PRODUCT_240x240.png,31000,,18,1000,100
Garnier Men Turbo Light Oil Control Cooling Foam Face Wash 100ml/Sabun Muka,https://storage.googleapis.com/indo-astro/Garnier_Men_Turbo_Light_Oil_Control_Cooling_Foam_Face_Wash_100ml_Sabun_Muka_240x240.png,31150,,4,224,150
Men's Biore Double Scrub White Energy Face Wash - 100gr/Sabun Muka,https://storage.googleapis.com/indo-astro/Men's_Biore_Double_Scrub_White_Energy_Face_Wash_-_100gr_Sabun_Muka_1650599870227_PRODUCT_240x240.png,31900,,10,1000,100
NIVEA MEN Extra White Dark Spot Minimizer Foam 50ml,https://storage.googleapis.com/indo-astro/NIVEA_MEN_Extra_White_Dark_Spot_Minimizer_Foam_50ml_1649399665453_PRODUCT_240x240.png,21500,,12,1000,50
NIVEA MEN Extra White Dark Spot Minimizer Foam 100ml,https://storage.googleapis.com/indo-astro/NIVEA_MEN_Extra_White_Dark_Spot_Minimizer_Foam_100ml_1649399709184_PRODUCT_240x240.png,32200,,13,1000,100
Biore Pore Pack Black 4 Sheets (Twinpack),https://storage.googleapis.com/indo-astro/Biore_Pore_Pack_Black_4_sheets_(Twinpack)_PRODUCT_1645592212327_240x240.png,25800,,15,1000,10
Men's Biore Pore Pack Black Strip 4 Sheets (Twinpack),https://storage.googleapis.com/indo-astro/Men's_Biore_Pore_Pack_Black_Strip_4_Sheets_(Twinpack)_1650599494092_PRODUCT_240x240.png,25800,,24,1000,10
Kahf Gentle Exfoliating Face Scrub 100ml/Sabun Muka,https://storage.googleapis.com/indo-astro/Kahf_Gentle_Exfoliating_Face_Scrub_100mL_PRODUCT_1643874397679_240x240.png,37300,,11,1000,100
Kahf Face Wash Oil and Acne Control 100ml/Sabun Muka,https://storage.googleapis.com/indo-astro/Kahf_Face_Wash_Oil_and_Acne_Control_100ml_Sabun_Muka_240x240.png,34400,,15,1000,100
Kahf Face Wash Energizing & Brightening 100ml/Sabun Muka,https://storage.googleapis.com/indo-astro/Kahf_Face_Wash_Energizing_&_Brightening_100ml_Sabun_Muka_240x240.png,37300,,14,1000,100
Ponds White Beauty Facial Foam 100gr/Sabun Muka,https://storage.googleapis.com/indo-astro/Ponds_White_Beauty_Facial_Foam_100gr_Sabun_Muka_240x240.png,30000,,9,476,100
Ponds Pure Bright Whip Facial Foam 100gr/Sabun Muka,https://storage.googleapis.com/indo-astro/Ponds_Pure_Bright_Whip_Facial_Foam_100gr_Sabun_Muka_PRODUCT_1644584358676_240x240.png,31900,,3,476,110
Ponds Men Face Wash Bright Boost 100gr/Sabun Muka,https://storage.googleapis.com/indo-astro/Ponds_Men_Face_Wash_Bright_Boost_100gr_Sabun_Muka_240x240.png,36000,,3,224,120
Ponds Men Acne Solution Facial Foam 100gr/Sabun Muka,https://storage.googleapis.com/indo-astro/Ponds_Men_Acne_Solution_Facial_Foam_100gr_Sabun_Muka_240x240.png,36000,,7,224,120
Garnier Men Acno Fight 12 in 1 Foam Face Wash 100ml/Sabun Muka,https://storage.googleapis.com/indo-astro/Garnier_Men_Acno_Fight_12_in_1_Foam_Face_Wash_100ml_Sabun_Muka_240x240.png,32250,,8,224,130
Men's Biore Facial Foam Acne Skincare 100gr/Sabun Muka,https://storage.googleapis.com/indo-astro/Men's_Biore_Facial_Foam_Acne_Skincare_100gr_Sabun_Muka_1650599555826_PRODUCT_240x240.png,28800,,9,1000,100
Biore Pore Pack Black 4 Sheets,https://storage.googleapis.com/indo-astro/Biore_Pore_Pack_Black_4_Sheets_1652256418531_PRODUCT_240x240.png,13600,,4,136,200
Clean & Clear Oil Control Toner Pembersih Wajah 100ml,https://storage.googleapis.com/indo-astro/Clean_&_Clear_Oil_Control_Toner_Pembersih_Wajah_100ml_PRODUCT_1645005071576_240x240.png,15700,,4,130,130
Clean & Clear Oil Control Film Blue Kertas Minyak Wajah 60 Lembar,https://storage.googleapis.com/indo-astro/Clean_&_Clear_Oil_Control_Film_Blue_Kertas_Minyak_Wajah_60_Lembar_PRODUCT_1645005089699_240x240.png,27950,,5,63,60
BIORE Cleansing Oil In Sheets 10s,https://storage.googleapis.com/indo-astro/BIORE_Cleansing_Oil_In_Sheets_10s_1650598552348_PRODUCT_240x240.png,28900,,0,136,51
Colgate Optic White O2 Aromatic Menthol Toothpaste 85gr,https://storage.googleapis.com/indo-astro/Colgate_Optic_White_O2_Aromatic_Menthol_Toothpaste_85gr_1650532591271_PRODUCT_240x240.png,89000,,4,1000,85
Colgate Naturals Pure Fresh Lemon & Aloevera 120gr/Pasta Gigi,https://storage.googleapis.com/indo-astro/Colgate_Naturals_Pure_Fresh_Lemon_&_Aloevera_120gr_Pasta_Gigi_1658807284309_PRODUCT_240x240.png,36200,32500,1,1000,120
Colgate Total Charcoal Toothpaste 150gr/Pasta Gigi,https://storage.googleapis.com/indo-astro/Colgate_Total_Charcoal_Toothpaste_150gr_Pasta_Gigi_1658808011061_PRODUCT_240x240.png,39900,29900,6,304,150
Oral-B Sikat Gigi All Rounder Fresh Clean Black isi 3,https://storage.googleapis.com/indo-astro/Oral-B_Sikat_Gigi_All_Rounder_Fresh_Clean_Black_isi_3_240x240.png,19700,15700,5,414,200
Oral-B Sikat Gigi All Rounder 123 Medium isi 3,https://storage.googleapis.com/indo-astro/Oral-B_Sikat_Gigi_All_Rounder_123_Medium_isi_3_240x240.png,13900,11100,5,368,200
Oral-B Benang Gigi Satin Floss - 50 M,https://storage.googleapis.com/indo-astro/Oral-B_Benang_Gigi_Satin_Floss_-_50_M_240x240.png,42300,33800,3,98,60
Listerine Mouthwash Zero 100ml/Obat Kumur Antiseptik ,https://storage.googleapis.com/indo-astro/Listerine_Mouthwash_Zero_100ml_Obat_Kumur_Antiseptik__PRODUCT_1645005028129_240x240.png,10000,,6,192,100
Listerine Cool Mint Mouthwash 100ml/Obat Kumur Antiseptik,https://storage.googleapis.com/indo-astro/Listerine_Cool_Mint_Mouthwash_100ml_Obat_Kumur_Antiseptik_PRODUCT_1645004196627_240x240.png,9600,,2,192,200
Charmi Dental Floss & Pick Pack isi 20 Pcs,https://storage.googleapis.com/indo-astro/Charmi_Dental_Floss_&_Pick_Pack_isi_20_Pcs_1652765808712_PRODUCT_240x240.png,20000,,2,1000,100
Charmi Dental Tooth Pick & Brush isi 60 Pcs,https://storage.googleapis.com/indo-astro/Charmi_Dental_Tooth_Pick_&_Brush_isi_60_Pcs_1652327650389_PRODUCT_240x240.png,12500,,4,1000,60
Listerine Cool Mint Mouthwash 500ml/Obat Kumur Antiseptik,https://storage.googleapis.com/indo-astro/Listerine_Cool_Mint_Mouthwash_500ml_Obat_Kumur_Antiseptik_PRODUCT_1645004408480_240x240.png,39500,,2,460,200
Oral-B 123 Soft Sikat Gigi 2 Pcs - Paket Isi 2,https://storage.googleapis.com/indo-astro/Oral-B_123_Soft_Sikat_Gigi_2_Pcs_-_Paket_Isi_2_PRODUCT_1644803742411_240x240.png,21300,17000,3,1000,10
Colgate Mouthwash Peppermint 750ml/Obat Kumur - Isi 2,https://storage.googleapis.com/indo-astro/Colgate_Mouthwash_Peppermint_750ml_Obat_Kumur_-_Isi_2_PRODUCT_1644628498900_240x240.png,105900,68800,5,1000,750
Oral-B 123 Soft Sikat Gigi 2 Pcs,https://storage.googleapis.com/indo-astro/Oral-B_123_Soft_Sikat_Gigi_2_Pcs_PRODUCT_1644629908510_240x240.png,10500,8400,7,1000,10
Oral-B All Rounder Herbal Sikat Gigi 1 Pcs,https://storage.googleapis.com/indo-astro/Oral-B_All_Rounder_Herbal_Sikat_Gigi_1_Pcs_PRODUCT_1644471782812_240x240.png,10800,8600,7,1000,10
Colgate Optic White Sparkling White Toothpaste 100gr/Pasta Gigi,https://storage.googleapis.com/indo-astro/Colgate_Optic_White_Sparkling_White_Toothpaste_100gr_Pasta_Gigi_1658807091867_PRODUCT_240x240.png,40600,34500,5,1000,100
Colgate Mouthwash Peppermint 750ml/Obat Kumur,https://storage.googleapis.com/indo-astro/Colgate_Mouthwash_Peppermint_750ml_Obat_Kumur_PRODUCT_1644629087229_240x240.png,60300,39100,12,1000,750
Pepsodent Sikat Gigi Double Care Sensitive isi 3,https://storage.googleapis.com/indo-astro/Pepsodent_Sikat_Gigi_Double_Care_Sensitive_isi_3_240x240.png,27600,,3,1000,200
Pepsodent Triple Clean Medium with Helm Adult 3 Pcs,https://storage.googleapis.com/indo-astro/Pepsodent_Triple_Clean_Medium_with_Helm_Adult_3_Pcs_240x240.png,10500,,2,138,200
Listerine Original Mouthwash 250ml/Obat Kumur,https://storage.googleapis.com/indo-astro/Listerine_Original_Mouthwash_250ml_Obat_Kumur_PRODUCT_1645005042156_240x240.png,23200,,3,576,250
Ciptadent Pasta Gigi Fresh Mint 190gr,https://storage.googleapis.com/indo-astro/Ciptadent_Pasta_Gigi_Fresh_Mint_190gr_1647433379760_PRODUCT_240x240.png,9800,,6,380,190
Pepsodent Perlindungan 12 Jam Tube 75gr,https://storage.googleapis.com/indo-astro/Pepsodent_Perlindungan_12_Jam_Tube_75gr_1659320163874_PRODUCT_240x240.png,5700,,4,153,75
Pepsodent Herbal Tube 190gr,https://storage.googleapis.com/indo-astro/Pepsodent_Herbal_Tube_190gr_240x240.png,19900,,4,240,190
Pepsodent Pasta Gigi Pencegah Gigi Berlubang 225gr,https://storage.googleapis.com/indo-astro/Pepsodent_Pasta_Gigi_Pencegah_Gigi_Berlubang_225gr_240x240.png,17000,,10,216,225
Sikat Gigi Sensodyne Ultra Sensitive Soft 2s,https://storage.googleapis.com/indo-astro/Sikat_Gigi_Sensodyne_Ultra_Sensitive_Soft_2s_240x240.png,21700,,4,270,50
Sikat Gigi Sensodyne Ultra Sensitive Extra Soft 2s,https://storage.googleapis.com/indo-astro/Sikat_Gigi_Sensodyne_Ultra_Sensitive_Extra_Soft_2s_240x240.png,23900,,4,270,50
Pepsodent Plus Whitening 190gr,https://storage.googleapis.com/indo-astro/Pepsodent_Plus_Whitening_190gr_240x240.png,19500,,8,400,220
Pepsodent Pasta Gigi Multi-Protection 150gr,https://storage.googleapis.com/indo-astro/Pepsodent_Pasta_Gigi_Multi-Protection_150gr_240x240.png,15900,,25,420,180
Darlie Pasta Gigi Double Action 225gr,https://storage.googleapis.com/indo-astro/Darlie_Pasta_Gigi_Double_Action_225gr_240x240.png,32400,,6,324,275
Listerine Mouthwash Cool Mint 250ml/Obat Kumur Antiseptik ,https://storage.googleapis.com/indo-astro/Listerine_Mouthwash_Cool_Mint_250ml_Obat_Kumur_Antiseptik__PRODUCT_1645004795336_240x240.png,23200,,22,476,280
Listerine Mouthwash Zero 250ml/Obat Kumur Antiseptik ,https://storage.googleapis.com/indo-astro/Listerine_Mouthwash_Zero_250ml_Obat_Kumur_Antiseptik__PRODUCT_1645005010154_240x240.png,23900,,2,476,280
Colgate Total Advanced Fresh Toothpaste 150gr/Pasta Gigi,https://storage.googleapis.com/indo-astro/Colgate_Total_Advanced_Fresh_Toothpaste_150gr_Pasta_Gigi_1658807236362_PRODUCT_240x240.png,35900,26900,3,304,150
Colgate Plax Peppermint Mouthwash 250ml/Obat Kumur,https://storage.googleapis.com/indo-astro/Colgate_Plax_Peppermint_Mouthwash_250ml_Obat_Kumur_PRODUCT_1644631378357_240x240.png,24400,21900,6,238,300
Colgate Plax Freshmint Mouthwash 250ml/Obat Kumur,https://storage.googleapis.com/indo-astro/Colgate_Plax_Freshmint_Mouthwash_250ml_Obat_Kumur_PRODUCT_1644631427603_240x240.png,24400,21900,12,238,300
Colgate Optic White Sparkling White Toothpaste 100gr/Pasta Gigi - Isi 2,https://storage.googleapis.com/indo-astro/Colgate_Optic_White_Sparkling_White_Toothpaste_100gr_Pasta_Gigi_-_Isi_2_PRODUCT_1644628903442_240x240.png,81100,,0,1000,100
Colgate Maximum Cavity Protection Fresh Cool Mint Toothpaste 180gr/Pasta Gigi ,https://storage.googleapis.com/indo-astro/Colgate_Maximum_Cavity_Protection_Fresh_Cool_Mint_Toothpaste_180gr_Pasta_Gigi__1658808737496_PRODUCT_240x240.png,11200,,0,153,200
Sensodyne Extra Fresh Repair & Protect 100gr/Pasta Gigi,https://storage.googleapis.com/indo-astro/Sensodyne_Extra_Fresh_Repair_&_Protect_100gr_Pasta_Gigi_240x240.png,48900,,0,340,100
Sensodyne Whitening Repair & Protect 100gr/Pasta Gigi,https://storage.googleapis.com/indo-astro/Sensodyne_Whitening_Repair_&_Protect_100gr_Pasta_Gigi_240x240.png,46900,,0,340,100